defender,vs_rule,vs_rl
heuristic,0.3555555555555555,0.32222222222222224
RL-blue (vs rule),0.8666666666666666,0.9
RL-blue (self-play),0.7555555555555556,0.7444444444444445
